Date,9988.HK,BABA
2019-11-26,187.27272033691406,192.117431640625
2019-11-27,192.86294555664062,198.15626525878906
2019-11-28,203.64410400390625,
2019-11-29,198.0538787841797,197.3471221923828
2019-12-02,195.158935546875,193.70606994628906
2019-12-03,192.26400756835938,192.3147735595703
2019-12-04,188.67027282714844,191.170166015625
2019-12-05,192.06434631347656,197.3471221923828
2019-12-06,197.1554412841797,199.21205139160156
2019-12-09,196.25701904296875,196.10385131835938
2019-12-10,195.05911254882812,197.79115295410156
2019-12-11,197.25527954101562,201.9255828857422
2019-12-12,199.85073852539062,201.78744506835938
2019-12-13,201.64759826660156,202.19200134277344
2019-12-16,200.6493377685547,204.22467041015625
2019-12-17,203.4444580078125,205.4186248779297
2019-12-18,202.24655151367188,207.2144775390625
2019-12-19,204.44271850585938,207.34275817871094
2019-12-20,206.6388702392578,209.4346466064453
2019-12-23,208.0364227294922,211.9804229736328
2019-12-24,210.03294372558594,211.41796875
2019-12-26,,213.50985717773438
2019-12-27,212.4287567138672,212.61192321777344
2019-12-30,210.23260498046875,210.0858917236328
2019-12-31,206.83851623535156,209.28663635253906
2020-01-02,209.63363647460938,216.85488891601562
2020-01-03,211.63015747070312,214.1216278076172
2020-01-06,210.63189697265625,213.7664031982422
2020-01-07,212.22911071777344,214.7432861328125
2020-01-08,210.4322509765625,215.10836791992188
2020-01-09,215.223876953125,218.83822631835938
2020-01-10,217.61968994140625,220.8610382080078
2020-01-13,222.41131591796875,227.42282104492188
2020-01-14,223.2099151611328,223.4857635498047
2020-01-15,220.414794921875,222.07472229003906
2020-01-16,219.01724243164062,220.96958923339844
2020-01-17,220.01548767089844,224.4132843017578
2020-01-20,219.8158416748047,
2020-01-21,215.42352294921875,219.31185913085938
2020-01-22,218.01898193359375,219.42039489746094
2020-01-23,213.0277099609375,216.223388671875
2020-01-24,214.22561645507812,210.9147491455078
2020-01-27,,202.74456787109375
2020-01-28,,207.44143676757812
2020-01-29,207.03817749023438,209.20770263671875
2020-01-30,201.4479522705078,205.81332397460938
2020-01-31,200.05038452148438,203.84971618652344
2020-02-03,204.64236450195312,210.27337646484375
2020-02-04,212.8280487060547,219.92364501953125
2020-02-05,215.223876953125,217.29891967773438
2020-02-06,217.02072143554688,217.9698944091797
2020-02-07,215.0242156982422,213.65786743164062
2020-02-10,212.22911071777344,212.907958984375
2020-02-11,211.82980346679688,214.328857421875
2020-02-12,214.6249237060547,221.3346710205078
2020-02-13,216.82107543945312,217.43707275390625
2020-02-14,214.6249237060547,216.7167510986328
2020-02-17,217.02072143554688,
2020-02-18,213.6266632080078,217.59495544433594
2020-02-19,213.6266632080078,219.19345092773438
2020-02-20,215.223876953125,215.1478271484375
2020-02-21,212.22911071777344,209.77012634277344
2020-02-24,204.84201049804688,203.42543029785156
2020-02-25,206.2395782470703,202.88272094726562
2020-02-26,202.64585876464844,205.97120666503906
2020-02-27,204.84201049804688,202.31040954589844
2020-02-28,199.65109252929688,205.2410125732422
2020-03-02,204.24307250976562,208.18148803710938
2020-03-03,202.8455047607422,204.65884399414062
2020-03-04,201.8472442626953,209.14849853515625
2020-03-05,206.83851623535156,208.65512084960938
2020-03-06,203.4444580078125,201.9255828857422
2020-03-09,193.1624298095703,195.03817749023438
2020-03-10,198.9523162841797,203.65237426757812
2020-03-11,196.6563262939453,196.27159118652344
2020-03-12,188.4706268310547,182.644775390625
2020-03-13,191.36557006835938,191.4267120361328
2020-03-16,178.98719787597656,176.47767639160156
2020-03-17,182.88038635253906,182.35861206054688
2020-03-18,172.6981964111328,177.61241149902344
2020-03-19,173.69644165039062,178.48074340820312
2020-03-20,182.6807403564453,178.89517211914062
2020-03-23,169.70343017578125,174.00096130371094
2020-03-24,174.19557189941406,183.28614807128906
2020-03-25,179.38650512695312,186.05886840820312
2020-03-26,180.5843963623047,192.72921752929688
2020-03-27,183.57916259765625,186.08847045898438
2020-03-30,179.98545837402344,188.73292541503906
2020-03-31,183.08004760742188,191.9003448486328
2020-04-01,183.6790008544922,185.07212829589844
2020-04-02,185.67550659179688,186.3943634033203
2020-04-03,183.3795166015625,184.62811279296875
2020-04-06,188.27098083496094,193.84420776367188
2020-04-07,191.16590881347656,195.3736572265625
2020-04-08,189.7683563232422,193.3804473876953
2020-04-09,191.36557006835938,193.76527404785156
2020-04-13,,196.7945556640625
2020-04-14,196.6563262939453,202.063720703125
2020-04-15,197.55474853515625,205.40875244140625
2020-04-16,202.44619750976562,209.83920288085938
2020-04-17,207.2378387451172,206.7211151123047
2020-04-20,205.4409637451172,209.3162384033203
2020-04-21,203.84375,204.5897674560547
2020-04-22,205.24131774902344,207.17501831054688
2020-04-23,204.0434112548828,202.5176239013672
2020-04-24,197.65457153320312,201.6492919921875
2020-04-27,200.2500457763672,200.98818969726562
2020-04-28,198.65283203125,198.48187255859375
2020-04-29,196.6563262939453,203.958251953125
2020-04-30,,199.98170471191406
2020-05-01,,191.9003448486328
2020-05-04,189.36904907226562,188.61451721191406
2020-05-05,188.171142578125,192.4331817626953
2020-05-06,193.2622528076172,192.58119201660156
2020-05-07,190.16766357421875,193.88369750976562
2020-05-08,193.06259155273438,198.52134704589844
2020-05-11,198.3533477783203,202.6754913330078
2020-05-12,199.3516082763672,197.65301513671875
2020-05-13,195.95755004882812,196.81430053710938
2020-05-14,194.16067504882812,198.6298828125
2020-05-15,196.55648803710938,200.97830200195312
2020-05-18,202.64585876464844,212.42445373535156
2020-05-19,209.43399047851562,214.31898498535156
2020-05-20,210.63189697265625,213.91441345214844
2020-05-21,205.84027099609375,209.34584045410156
2020-05-22,197.85421752929688,197.0511016845703
2020-05-25,197.85421752929688,
2020-05-26,200.6493377685547,199.0443115234375
2020-05-27,196.95579528808594,198.511474609375
2020-05-28,193.1624298095703,196.84390258789062
2020-05-29,193.96102905273438,204.63909912109375
2020-06-01,202.44619750976562,203.82998657226562
2020-06-02,199.65109252929688,211.48704528808594
2020-06-03,209.23434448242188,215.7102813720703
2020-06-04,210.63189697265625,215.1478271484375
2020-06-05,211.82980346679688,216.6378173828125
2020-06-08,212.02944946289062,216.09510803222656
2020-06-09,212.02944946289062,217.79229736328125
2020-06-10,215.223876953125,220.71302795410156
2020-06-11,212.62840270996094,212.38497924804688
2020-06-12,211.63015747070312,214.75314331054688
2020-06-15,206.43922424316406,214.15122985839844
2020-06-16,212.8280487060547,219.66708374023438
2020-06-17,217.42002868652344,221.2754669189453
2020-06-18,217.42002868652344,220.5748748779297
2020-06-19,218.61793518066406,217.71334838867188
2020-06-22,212.62840270996094,218.47314453125
2020-06-23,219.61619567871094,225.7157745361328
2020-06-24,221.0137481689453,223.21934509277344
2020-06-25,,219.21319580078125
2020-06-26,214.22561645507812,212.8487548828125
2020-06-29,209.03468322753906,212.16790771484375
2020-06-30,209.23434448242188,212.83888244628906
2020-07-01,,213.08555603027344
2020-07-02,214.0259552001953,220.63409423828125
2020-07-03,220.414794921875,
2020-07-06,225.00677490234375,236.81655883789062
2020-07-07,231.9945526123047,233.3728485107422
2020-07-08,237.38514709472656,254.2620391845703
2020-07-09,261.14361572265625,258.11029052734375
2020-07-10,254.95443725585938,257.5478820800781
2020-07-13,253.9561767578125,248.33175659179688
2020-07-14,239.98060607910156,245.28274536132812
2020-07-15,242.97537231445312,245.90438842773438
2020-07-16,232.7931671142578,239.28338623046875
2020-07-17,238.38340759277344,243.86184692382812
2020-07-20,239.1820068359375,251.4300994873047
2020-07-21,256.5516357421875,254.47911071777344
2020-07-22,247.56735229492188,248.36135864257812
2020-07-23,246.1697998046875,248.53897094726562
2020-07-24,238.5830535888672,245.69717407226562
2020-07-27,238.5830535888672,247.53250122070312
2020-07-28,244.17327880859375,245.74652099609375
2020-07-29,242.57606506347656,249.10140991210938
2020-07-30,244.37294006347656,249.3875732421875
2020-07-31,245.57083129882812,247.6903839111328
2020-08-03,245.17153930664062,254.5186004638672
2020-08-04,253.35723876953125,258.72210693359375
2020-08-05,255.35374450683594,261.3961486816406
2020-08-06,256.5516357421875,262.1559143066406
2020-08-07,248.76524353027344,248.7560577392578
2020-08-10,241.97711181640625,244.83871459960938
2020-08-11,243.57432556152344,245.12486267089844
2020-08-12,242.97537231445312,251.80506896972656
2020-08-13,247.76699829101562,250.3545684814453
2020-08-14,246.36944580078125,250.60125732421875
2020-08-17,242.3764190673828,253.55157470703125
2020-08-18,251.56036376953125,255.7618865966797
2020-08-19,254.95443725585938,257.1334228515625
2020-08-20,254.5551300048828,254.54818725585938
2020-08-21,252.35897827148438,262.2743225097656
2020-08-24,263.938720703125,272.3587646484375
2020-08-25,268.7303771972656,282.2063903808594
2020-08-26,279.91082763671875,288.08734130859375
2020-08-27,280.1104736328125,280.40069580078125
2020-08-28,276.5167541503906,285.1665954589844
2020-08-31,282.3066101074219,283.22271728515625
2020-09-01,282.3066101074219,294.0472106933594
2020-09-02,290.6919860839844,292.142822265625
2020-09-03,283.7041931152344,278.7528076171875
2020-09-04,273.5220031738281,277.6575622558594
2020-09-07,265.13665771484375,
2020-09-08,269.1296691894531,266.4383544921875
2020-09-09,262.7408447265625,269.5268249511719
2020-09-10,262.1418762207031,264.0010986328125
2020-09-11,265.53594970703125,268.00726318359375
2020-09-14,267.73211669921875,270.4642333984375
2020-09-15,266.9335021972656,274.2730407714844
2020-09-16,272.52374267578125,274.4506530761719
2020-09-17,267.3327941894531,272.062744140625
2020-09-18,269.1296691894531,268.7966613769531
2020-09-21,261.5429382324219,270.1879577636719
2020-09-22,264.3380126953125,271.6384582519531
2020-09-23,266.5342102050781,269.3294982910156
2020-09-24,260.544677734375,266.1522216796875
2020-09-25,257.5498962402344,267.4941711425781
2020-09-28,262.9404602050781,272.3489074707031
2020-09-29,264.9369812011719,273.2566833496094
2020-09-30,275.11920166015625,290.08056640625
2020-10-01,,286.2026672363281
2020-10-02,,284.3476257324219
2020-10-05,281.5080261230469,284.4462585449219
2020-10-06,279.51153564453125,288.51165771484375
2020-10-07,287.6972351074219,292.5671081542969
2020-10-08,289.09478759765625,296.55352783203125
2020-10-09,285.7007141113281,295.7641296386719
2020-10-12,291.4906005859375,302.2765808105469
2020-10-13,,304.6842346191406
2020-10-14,297.080810546875,297.0469055175781
2020-10-15,284.3031311035156,295.48785400390625
2020-10-16,293.4870910644531,303.2337341308594
2020-10-19,296.6815185546875,301.24053955078125
2020-10-20,298.8776550292969,305.7005615234375
2020-10-21,299.6763000488281,303.8849792480469
2020-10-22,299.47662353515625,302.2173767089844
2020-10-23,297.4801330566406,305.8091125488281
2020-10-26,,302.799560546875
2020-10-27,299.47662353515625,312.933349609375
2020-10-28,306.86370849609375,303.8553771972656
2020-10-29,302.0721130371094,308.4140930175781
2020-10-30,292.6885070800781,300.64849853515625
2020-11-02,297.28045654296875,306.7168884277344
2020-11-03,299.2769775390625,281.7821044921875
2020-11-04,276.7164306640625,291.78759765625
2020-11-05,294.0860595703125,283.93316650390625
2020-11-06,281.5080261230469,295.97137451171875
2020-11-09,289.6937255859375,286.6763000488281
2020-11-10,274.9195251464844,263.0045166015625
2020-11-11,247.96664428710938,262.1263122558594
2020-11-12,252.55862426757812,260.8041076660156
2020-11-13,256.5516357421875,257.380126953125
2020-11-16,253.556884765625,254.88368225097656
2020-11-17,249.3642120361328,253.39370727539062
2020-11-18,249.56385803222656,252.43658447265625
2020-11-19,244.77223205566406,256.4427490234375
2020-11-20,252.55862426757812,267.1488037109375
2020-11-23,263.5394287109375,266.52716064453125
2020-11-24,269.5289611816406,276.2464904785156
2020-11-25,266.5342102050781,274.0362243652344
2020-11-26,268.53070068359375,
2020-11-27,269.1296691894531,272.81268310546875
2020-11-30,260.9439697265625,259.86669921875
2020-12-01,256.7513122558594,260.5080871582031
2020-12-02,254.75477600097656,257.853759765625
2020-12-03,256.950927734375,263.36962890625
2020-12-04,263.5394287109375,263.7051086425781
2020-12-07,257.5498962402344,260.4981994628906
2020-12-08,257.5498962402344,262.56048583984375
2020-12-09,260.3450012207031,260.30084228515625
2020-12-10,254.95443725585938,261.3566589355469
2020-12-11,257.9491882324219,261.03106689453125
2020-12-14,251.16107177734375,252.63392639160156
2020-12-15,245.57083129882812,251.72613525390625
2020-12-16,250.56211853027344,258.41619873046875
2020-12-17,257.5498962402344,260.9224853515625
2020-12-18,255.1540985107422,256.55126953125
2020-12-21,249.56385803222656,256.9755554199219
2020-12-22,248.36595153808594,252.43658447265625
2020-12-23,247.96664428710938,252.7819366455078
2020-12-24,228.20120239257812,219.05531311035156
2020-12-28,209.63363647460938,219.41053771972656
2020-12-29,221.61270141601562,233.12615966796875
2020-12-30,235.78793334960938,235.2279052734375
2020-12-31,231.79490661621094,229.64297485351562
2021-01-04,227.20294189453125,224.82772827148438
2021-01-05,222.6109619140625,237.21124267578125
2021-01-06,229.5987548828125,224.5908966064453
2021-01-07,220.6144561767578,223.8903045654297
2021-01-08,223.80886840820312,233.05709838867188
2021-01-11,220.6144561767578,224.3540802001953
2021-01-12,219.61619567871094,222.60757446289062
2021-01-13,223.40956115722656,232.17889404296875
2021-01-14,234.59002685546875,239.75701904296875
2021-01-15,240.57955932617188,240.2306671142578
2021-01-18,241.57781982421875,
2021-01-19,243.7739715576172,248.31201171875
2021-01-20,264.5376892089844,261.96844482421875
2021-01-21,258.14886474609375,256.55126953125
2021-01-22,250.16281127929688,255.18955993652344
2021-01-25,257.5498962402344,257.9129638671875
2021-01-26,252.95791625976562,262.39276123046875
2021-01-27,259.5464172363281,256.7979431152344
2021-01-28,251.16107177734375,257.30120849609375
2021-01-29,246.36944580078125,250.46310424804688
2021-02-01,250.7617645263672,261.1790466308594
2021-02-02,259.5464172363281,251.1242218017578
2021-02-03,260.544677734375,259.9357604980469
2021-02-04,261.7425842285156,263.4189453125
2021-02-05,257.5498962402344,262.14605712890625
2021-02-08,255.9526824951172,259.1069030761719
2021-02-09,254.95443725585938,262.9551696777344
2021-02-10,261.5429382324219,264.2379455566406
2021-02-11,260.544677734375,265.3628234863281
2021-02-12,,264.2971496582031
2021-02-16,263.7391052246094,267.1093444824219
2021-02-17,266.5342102050781,267.23760986328125
2021-02-18,259.9457092285156,261.00146484375
2021-02-19,256.5516357421875,260.0936584472656
2021-02-22,250.16281127929688,250.630859375
2021-02-23,247.1680450439453,249.39743041992188
2021-02-24,242.3764190673828,247.01939392089844
2021-02-25,242.97537231445312,236.99415588378906
2021-02-26,231.9945526123047,234.60626220703125
2021-03-01,234.19073486328125,238.48414611816406
2021-03-02,228.99978637695312,231.31056213378906
2021-03-03,231.9945526123047,233.1360321044922
2021-03-04,226.8036346435547,227.44256591796875
2021-03-05,226.60398864746094,230.78759765625
2021-03-08,220.21514892578125,223.68310546875
2021-03-09,223.60922241210938,234.98123168945312
2021-03-10,228.0015411376953,231.19216918945312
2021-03-11,227.20294189453125,237.60594177246094
2021-03-12,225.60572814941406,228.7943878173828
2021-03-15,221.0137481689453,227.22547912597656
2021-03-16,221.0137481689453,223.91990661621094
2021-03-17,222.211669921875,230.24488830566406
2021-03-18,233.19247436523438,233.2938995361328
2021-03-19,234.19073486328125,236.6093292236328
2021-03-22,230.79664611816406,233.97474670410156
2021-03-23,229.5987548828125,234.5174560546875
2021-03-24,229.5987548828125,226.5446319580078
2021-03-25,220.6144561767578,219.76576232910156
2021-03-26,215.6231689453125,224.2455291748047
2021-03-29,215.82281494140625,228.78453063964844
2021-03-30,221.21340942382812,226.2091522216797
2021-03-31,219.61619567871094,223.72256469726562
2021-04-01,225.20643615722656,221.38400268554688
2021-04-05,,222.31153869628906
2021-04-06,,227.5116424560547
2021-04-07,221.61270141601562,222.42994689941406
2021-04-08,222.6109619140625,225.21255493164062
2021-04-09,217.61968994140625,220.34793090820312
2021-04-12,231.79490661621094,240.7733612060547
2021-04-13,232.7931671142578,238.68148803710938
2021-04-14,237.38514709472656,236.0567626953125
2021-04-15,233.39212036132812,235.9186248779297
2021-04-16,235.18898010253906,235.52392578125
2021-04-19,231.5952606201172,231.66578674316406
2021-04-20,227.8018798828125,226.83079528808594
2021-04-21,221.41305541992188,226.39662170410156
2021-04-22,221.0137481689453,226.30783081054688
2021-04-23,224.00851440429688,229.00160217285156
2021-04-26,224.2081756591797,229.61338806152344
2021-04-27,226.00502014160156,232.79066467285156
2021-04-28,231.1959686279297,233.58006286621094
2021-04-29,230.99630737304688,231.07374572753906
2021-04-30,224.6074676513672,227.8865966796875
2021-05-03,223.40956115722656,227.6497802734375
2021-05-04,224.80711364746094,224.87704467773438
2021-05-05,219.61619567871094,223.77191162109375
2021-05-06,221.21340942382812,223.41668701171875
2021-05-07,219.4165496826172,222.3214111328125
2021-05-10,214.82456970214844,216.61807250976562
2021-05-11,207.2378387451172,218.44354248046875
2021-05-12,219.8158416748047,216.983154296875
2021-05-13,212.8280487060547,203.3464813232422
2021-05-14,204.24307250976562,206.73097229003906
2021-05-17,205.04165649414062,208.2505645751953
2021-05-18,207.2378387451172,210.88514709472656
2021-05-19,,209.7207794189453
2021-05-20,205.640625,214.1117706298828
2021-05-21,207.6371307373047,208.2604217529297
2021-05-24,204.64236450195312,207.64865112304688
2021-05-25,205.640625,208.32949829101562
2021-05-26,206.6388702392578,208.9708709716797
2021-05-27,208.43572998046875,209.91815185546875
2021-05-28,207.03817749023438,211.12196350097656
2021-05-31,210.63189697265625,
2021-06-01,217.8193359375,216.56874084472656
2021-06-02,214.0259552001953,216.67727661132812
2021-06-03,210.4322509765625,214.16110229492188
2021-06-04,209.83328247070312,216.11483764648438
2021-06-07,211.63015747070312,214.02294921875
2021-06-08,209.83328247070312,212.95729064941406
2021-06-09,207.6371307373047,210.49044799804688
2021-06-10,207.2378387451172,210.2437744140625
2021-06-11,204.84201049804688,208.83273315429688
2021-06-14,,211.1022186279297
2021-06-15,206.0399169921875,207.273681640625
2021-06-16,203.04515075683594,206.54351806640625
2021-06-17,203.4444580078125,208.79327392578125
2021-06-18,206.6388702392578,209.48397827148438
2021-06-21,205.04165649414062,208.2604217529297
2021-06-22,202.64585876464844,208.51698303222656
2021-06-23,206.83851623535156,212.01002502441406
2021-06-24,209.83328247070312,215.48333740234375
2021-06-25,215.223876953125,225.46910095214844
2021-06-28,221.61270141601562,225.55789184570312
2021-06-29,219.01724243164062,226.39662170410156
2021-06-30,219.61619567871094,223.77191162109375
2021-07-01,,218.92703247070312
2021-07-02,211.63015747070312,214.86167907714844
2021-07-05,205.640625,
2021-07-06,209.03468322753906,208.79327392578125
2021-07-07,205.4409637451172,205.2410125732422
2021-07-08,196.95579528808594,197.19912719726562
2021-07-09,195.158935546875,203.20834350585938
2021-07-12,197.0556182861328,202.7544403076172
2021-07-13,204.84201049804688,206.73097229003906
2021-07-14,206.0399169921875,208.69459533691406
2021-07-15,210.23260498046875,211.91134643554688
2021-07-16,209.03468322753906,209.28663635253906
2021-07-19,202.24655151367188,206.13894653320312
2021-07-20,202.44619750976562,207.79666137695312
2021-07-21,202.64585876464844,208.28016662597656
2021-07-22,207.03817749023438,211.20089721679688
2021-07-23,204.84201049804688,203.79051208496094
2021-07-26,191.76487731933594,189.21641540527344
2021-07-27,179.58615112304688,183.60191345214844
2021-07-28,182.88038635253906,193.41004943847656
2021-07-29,196.95579528808594,194.9197540283203
2021-07-30,188.67027282714844,192.60093688964844
2021-08-02,191.56521606445312,197.43592834472656
2021-08-03,193.1624298095703,194.7618865966797
2021-08-04,191.9645233154297,198.04771423339844
2021-08-05,192.16416931152344,196.6366729736328
2021-08-06,193.1624298095703,193.78501892089844
2021-08-09,188.3708038330078,192.66014099121094
2021-08-10,192.56346130371094,193.13375854492188
2021-08-11,190.86643981933594,192.2753143310547
2021-08-12,188.3708038330078,189.1177520751953
2021-08-13,183.6790008544922,186.11807250976562
2021-08-16,180.0852813720703,180.28646850585938
2021-08-17,171.5002899169922,171.4255828857422
2021-08-18,171.30064392089844,170.0638885498047
2021-08-19,161.8172149658203,158.42041015625
2021-08-20,157.62452697753906,155.86476135253906
2021-08-23,151.83465576171875,158.92364501953125
2021-08-24,166.20953369140625,169.42250061035156
2021-08-25,163.813720703125,166.8570098876953
2021-08-26,161.91702270507812,163.04820251464844
2021-08-27,155.62802124023438,157.354736328125
2021-08-30,157.92401123046875,160.13731384277344
2021-08-31,165.21127319335938,164.77499389648438
2021-09-01,164.9117889404297,170.98155212402344
2021-09-02,170.70167541503906,169.71853637695312
2021-09-03,164.61231994628906,168.04107666015625
2021-09-06,167.7069091796875,
2021-09-07,169.70343017578125,172.8366241455078
2021-09-08,170.6018524169922,168.44564819335938
2021-09-09,160.71913146972656,165.10061645507812
2021-09-10,167.60708618164062,165.87026977539062
2021-09-13,160.51947021484375,163.2159423828125
2021-09-14,158.02383422851562,158.0257110595703
2021-09-15,153.73133850097656,155.76608276367188
2021-09-16,151.23570251464844,154.1873016357422
2021-09-17,154.6297607421875,157.9270477294922
2021-09-20,151.23570251464844,149.4805908203125
2021-09-21,148.44058227539062,148.18795776367188
2021-09-22,,149.87527465820312
2021-09-23,148.14109802246094,149.1845703125
2021-09-24,144.0482635498047,143.15560913085938
2021-09-27,141.65243530273438,148.18795776367188
2021-09-28,150.63673400878906,150.36863708496094
2021-09-29,148.04129028320312,145.62245178222656
2021-09-30,141.95191955566406,146.08621215820312
2021-10-01,,142.2872772216797
2021-10-04,136.76100158691406,137.7779083251953
2021-10-05,135.06396484375,141.2413330078125
2021-10-06,137.0604705810547,142.18861389160156
2021-10-07,147.04302978515625,153.93075561523438
2021-10-08,155.2287139892578,159.37754821777344
2021-10-11,167.50726318359375,161.77529907226562
2021-10-12,161.0186004638672,160.83790588378906
2021-10-13,,165.17953491210938
2021-10-14,,164.56776428222656
2021-10-15,161.51773071289062,165.77159118652344
2021-10-18,162.6157989501953,164.6072540283203
2021-10-19,164.5124969482422,174.65220642089844
2021-10-20,175.49330139160156,174.82981872558594
2021-10-21,173.59661865234375,175.06663513183594
2021-10-22,174.09573364257812,175.34292602539062
2021-10-25,173.69644165039062,173.83322143554688
2021-10-26,169.2042999267578,167.73519897460938
2021-10-27,164.2130126953125,166.9852752685547
2021-10-28,164.9117889404297,167.537841796875
2021-10-29,162.71563720703125,162.75218200683594
2021-11-01,159.22174072265625,167.9127960205078
2021-11-02,161.31808471679688,160.73922729492188
2021-11-03,160.31982421875,164.03494262695312
2021-11-04,165.3111114501953,162.60415649414062
2021-11-05,159.62103271484375,156.62454223632812
2021-11-08,157.0255889892578,160.00904846191406
2021-11-09,156.825927734375,158.065185546875
2021-11-10,160.9187774658203,161.7950439453125
2021-11-11,162.915283203125,165.6235809326172
2021-11-12,162.11666870117188,164.5973663330078
2021-11-15,161.21824645996094,164.33094787597656
2021-11-16,164.9117889404297,166.1958770751953
2021-11-17,164.5124969482422,159.43675231933594
2021-11-18,155.72784423828125,141.69525146484375
2021-11-19,139.05699157714844,138.4784698486328
2021-11-22,136.86082458496094,134.8078155517578
2021-11-23,132.76797485351562,131.8870849609375
2021-11-24,131.570068359375,134.7091522216797
2021-11-25,135.1637725830078,
2021-11-26,128.87478637695312,131.58120727539062
2021-11-29,129.77320861816406,129.86427307128906
2021-11-30,127.07791900634766,125.83839416503906
2021-12-01,125.48070526123047,120.86524963378906
2021-12-02,122.38611602783203,120.38175201416016
2021-12-03,119.19170379638672,110.47492218017578
2021-12-06,112.50338745117188,121.96052551269531
2021-12-07,126.27931213378906,123.87479400634766
2021-12-08,120.38960266113281,123.4208984375
2021-12-09,123.18472290039062,122.26641845703125
2021-12-10,120.98855590820312,123.40115356445312
2021-12-13,120.88873291015625,120.61856079101562
2021-12-14,118.492919921875,124.9010009765625
2021-12-15,120.78890991210938,120.84551239013672
2021-12-16,120.48942565917969,118.65496063232422
2021-12-17,116.79588317871094,120.48042297363281
2021-12-20,114.30024719238281,113.47460174560547
2021-12-21,113.7012939453125,121.3487548828125
2021-12-22,114.69954681396484,116.24732208251953
2021-12-23,113.10234069824219,117.08605194091797
2021-12-24,112.80286407470703,
2021-12-27,,115.04350280761719
2021-12-28,113.30199432373047,113.27725219726562
2021-12-29,110.40705108642578,110.60319519042969
2021-12-30,109.7082748413086,121.35861206054688
2021-12-31,118.69257354736328,117.21432495117188
2022-01-03,114.79937744140625,118.78323364257812
2022-01-04,116.69606018066406,117.97411346435547
2022-01-05,114.30024719238281,119.55289459228516
2022-01-06,120.78890991210938,124.95033264160156
2022-01-07,128.57530212402344,128.08815002441406
2022-01-10,127.37738800048828,126.59818267822266
2022-01-11,125.3808822631836,130.43658447265625
2022-01-12,132.76797485351562,135.58734130859375
2022-01-13,131.9693603515625,129.62745666503906
2022-01-14,129.07443237304688,129.82481384277344
2022-01-17,128.27581787109375,
2022-01-18,126.17948913574219,126.89421081542969
2022-01-19,123.98332214355469,126.04560852050781
2022-01-20,131.2705841064453,129.29197692871094
2022-01-21,126.87826538085938,121.5954360961914
2022-01-24,118.89221954345703,118.77336883544922
2022-01-25,116.59623718261719,117.55968475341797
2022-01-26,116.69606018066406,111.86622619628906
2022-01-27,108.31071472167969,110.30717468261719
2022-01-28,109.80809783935547,113.70155334472656
2022-01-31,114.49989318847656,124.12147521972656
2022-02-01,,125.53250885009766
2022-02-02,,121.25007629394531
2022-02-03,,121.8322525024414
2022-02-04,120.18995666503906,120.59883117675781
2022-02-07,114.79937744140625,113.29698944091797
2022-02-08,111.0060043334961,120.28307342529297
2022-02-09,118.5927505493164,124.82205963134766
2022-02-10,121.98680877685547,122.33548736572266
2022-02-11,122.18647003173828,120.62843322753906
2022-02-14,118.492919921875,120.30281066894531
2022-02-15,118.19344329833984,124.56550598144531
2022-02-16,122.28629302978516,123.89452362060547
2022-02-17,122.78541564941406,122.7795181274414
2022-02-18,119.2915267944336,117.41167449951172
2022-02-21,114.69954681396484,
2022-02-22,111.20565795898438,111.43205261230469
2022-02-23,112.20391082763672,108.26463317871094
2022-02-24,104.71699523925781,107.48511505126953
2022-02-25,105.11630249023438,106.50824737548828
2022-02-28,104.0182113647461,103.79472351074219
2022-03-01,103.6189193725586,105.66951751708984
2022-03-02,103.71874237060547,104.02166748046875
2022-03-03,104.21786499023438,100.69637298583984
2022-03-04,98.82728576660156,99.2656021118164
2022-03-07,95.83251953125,97.3513412475586
2022-03-08,96.73094940185547,96.20672607421875
2022-03-09,96.08208465576172,99.59123229980469
2022-03-10,95.93234252929688,91.6874771118164
2022-03-11,90.64159393310547,85.55984497070312
2022-03-14,80.75886535644531,76.72856903076172
2022-03-15,71.12570190429688,75.74182891845703
2022-03-16,90.54176330566406,103.58750915527344
2022-03-17,101.82205200195312,99.03865814208984
2022-03-18,98.17842102050781,106.86347198486328
2022-03-21,98.92710876464844,102.2159423828125
2022-03-22,110.00774383544922,113.46472930908203
2022-03-23,117.39483642578125,115.68488311767578
2022-03-24,113.60147094726562,113.62261199951172
2022-03-25,107.21263122558594,111.49125671386719
2022-03-28,110.90617370605469,113.56340026855469
2022-03-29,113.30199432373047,115.16191864013672
2022-03-30,113.7012939453125,115.03364562988281
2022-03-31,111.90443420410156,107.35684204101562
2022-04-01,109.50862121582031,108.73826599121094
2022-04-04,113.50164031982422,115.94143676757812
2022-04-05,,109.52765655517578
2022-04-06,107.41228485107422,106.25169372558594
2022-04-07,105.01647186279297,102.88692474365234
2022-04-08,103.6189193725586,102.15673828125
2022-04-11,98.32816314697266,100.20301055908203
2022-04-12,98.82728576660156,98.4268798828125
2022-04-13,98.32816314697266,98.70316314697266
2022-04-14,95.3333969116211,94.22338104248047
2022-04-18,,93.4537353515625
2022-04-19,91.34037017822266,92.25978088378906
2022-04-20,90.54176330566406,88.22403717041016
2022-04-21,87.74665069580078,84.84939575195312
2022-04-22,86.49883270263672,85.34276580810547
2022-04-25,81.70720672607422,84.70138549804688
2022-04-26,84.75188446044922,82.87592315673828
2022-04-27,84.40249633789062,87.14849090576172
2022-04-28,88.09603881835938,89.70413970947266
2022-04-29,101.921875,95.80216217041016
2022-05-02,,99.86751556396484
2022-05-03,100.1250228881836,99.04852294921875
2022-05-04,96.38156127929688,100.06486511230469
2022-05-05,96.53129577636719,93.38465881347656
2022-05-06,90.19237518310547,88.85554504394531
2022-05-09,,83.71464538574219
2022-05-10,85.84996795654297,83.44823455810547
2022-05-11,85.50057983398438,80.64590454101562
2022-05-12,79.86043548583984,80.01438903808594
2022-05-13,82.05659484863281,86.82286834716797
2022-05-16,84.45240783691406,85.33290100097656
2022-05-17,90.39202880859375,90.76980590820312
2022-05-18,89.84298706054688,86.15188598632812
2022-05-19,83.20458984375,86.52684783935547
2022-05-20,87.89639282226562,85.63878631591797
2022-05-23,84.9515380859375,86.07295227050781
2022-05-24,83.45415496826172,81.37609100341797
2022-05-25,82.20633697509766,81.21820831298828
2022-05-26,80.95851135253906,93.2267837524414
2022-05-27,90.84124755859375,92.17098236083984
2022-05-30,94.73444366455078,
2022-05-31,96.08208465576172,94.77596282958984
2022-06-01,94.4349594116211,92.14137268066406
2022-06-02,92.13897705078125,96.20672607421875
2022-06-03,,91.97362518310547
2022-06-06,96.7808609008789,97.69670104980469
2022-06-07,98.62763977050781,102.93626403808594
2022-06-08,108.61019134521484,118.03331756591797
2022-06-09,111.1058349609375,108.44224548339844
2022-06-10,112.60321807861328,108.38304138183594
2022-06-13,103.6189193725586,97.21319580078125
2022-06-14,101.02344512939453,103.83419799804688
2022-06-15,105.415771484375,106.59705352783203
2022-06-16,102.22135925292969,100.10432434082031
2022-06-17,104.31769561767578,100.88385009765625
2022-06-20,104.21786499023438,
2022-06-21,105.61542510986328,104.97880554199219
2022-06-22,101.32292938232422,103.75525665283203
2022-06-23,107.81158447265625,110.62293243408203
2022-06-24,113.7012939453125,116.05985260009766
2022-06-27,117.89396667480469,117.1551284790039
2022-06-28,117.89396667480469,115.21125793457031
2022-06-29,114.30024719238281,114.49093627929688
2022-06-30,111.70478057861328,112.17211151123047
2022-07-01,,114.46133422851562
2022-07-04,113.00251007080078,
2022-07-05,114.9990234375,118.53655242919922
2022-07-06,116.79588317871094,117.53995513916016
2022-07-07,116.49640655517578,120.76657104492188
2022-07-08,120.78890991210938,119.29634094238281
2022-07-11,113.80111694335938,108.11662292480469
2022-07-12,107.6119384765625,107.76139831542969
2022-07-13,107.21263122558594,107.6528549194336
2022-07-14,108.51036071777344,102.3836898803711
2022-07-15,102.0217056274414,101.0811996459961
2022-07-18,103.71874237060547,101.77191162109375
2022-07-19,100.7239761352539,103.36055755615234
2022-07-20,103.01995849609375,102.58103942871094
2022-07-21,101.82205200195312,103.73551177978516
2022-07-22,101.921875,99.27547454833984
2022-07-25,99.42623901367188,99.7195053100586
2022-07-26,104.21786499023438,100.09446716308594
2022-07-27,100.82379913330078,101.41668701171875
2022-07-28,98.9770278930664,99.21627044677734
2022-07-29,92.93757629394531,88.1845703125
2022-08-01,89.44368743896484,89.14169311523438
2022-08-02,86.89813995361328,91.3914566040039
2022-08-03,90.19237518310547,94.4503402709961
2022-08-04,94.83426666259766,96.13765716552734
2022-08-05,92.73793029785156,91.33224487304688
2022-08-08,88.64508819580078,89.63506317138672
2022-08-09,89.44368743896484,89.98042297363281
2022-08-10,87.79656219482422,91.2039794921875
2022-08-11,91.58993530273438,93.61161041259766
2022-08-12,92.73793029785156,93.51293182373047
2022-08-15,91.58993530273438,92.95049285888672
2022-08-16,89.79307556152344,91.42105865478516
2022-08-17,90.19237518310547,88.57925415039062
2022-08-18,88.09603881835938,89.53639221191406
2022-08-19,89.34386444091797,88.44111633300781
2022-08-22,88.3456039428711,88.83580780029297
2022-08-23,88.24578094482422,88.63846588134766
2022-08-24,86.09953308105469,91.29277801513672
2022-08-25,93.63636016845703,98.56502532958984
2022-08-26,95.63287353515625,96.7000961303711
2022-08-29,94.9840087890625,95.31866455078125
2022-08-30,95.0339126586914,92.59526824951172
2022-08-31,94.13549041748047,94.14445495605469
2022-09-01,92.03914642333984,92.46699523925781
2022-09-02,90.49185943603516,90.58233642578125
2022-09-05,88.3456039428711,
2022-09-06,87.89639282226562,87.27676391601562
2022-09-07,87.24752807617188,89.39824676513672
2022-09-08,87.04786682128906,88.33257293701172
2022-09-09,89.64334106445312,90.9178237915039
2022-09-12,,93.43399810791016
2022-09-13,91.0408935546875,88.28324127197266
2022-09-14,86.94804382324219,87.74053192138672
2022-09-15,87.94630432128906,87.65172576904297
2022-09-16,86.64857482910156,85.28356170654297
2022-09-19,83.5539779663086,86.49725341796875
2022-09-20,86.04961395263672,84.66191864013672
2022-09-21,82.90511322021484,80.51762390136719
2022-09-22,80.70895385742188,79.63943481445312
2022-09-23,78.26322937011719,77.75476837158203
2022-09-26,78.56269836425781,77.86331176757812
2022-09-27,77.76409912109375,76.83710479736328
2022-09-28,74.5696792602539,79.91571807861328
2022-09-29,76.71592712402344,78.01131439208984
2022-09-30,77.81401062011719,78.92898559570312
2022-10-03,77.51453399658203,79.38288116455078
2022-10-04,,82.99433898925781
2022-10-05,84.0531005859375,83.27062225341797
2022-10-06,83.00494384765625,83.20154571533203
2022-10-07,81.20807647705078,80.16239929199219
2022-10-10,78.56269836425781,78.18892669677734
2022-10-11,75.86741638183594,74.37026977539062
2022-10-12,74.22029113769531,74.72549438476562
2022-10-13,72.62308502197266,74.01504516601562
2022-10-14,73.12220764160156,72.05142974853516
2022-10-17,73.07229614257812,75.75169372558594
2022-10-18,75.86741638183594,75.327392578125
2022-10-19,72.57316589355469,70.32464599609375
2022-10-20,69.7780532836914,71.064697265625
2022-10-21,69.47857666015625,71.22257995605469
2022-10-24,61.542449951171875,62.31235885620117
2022-10-25,63.489044189453125,62.38142776489258
2022-10-26,62.19131088256836,67.60125732421875
2022-10-27,64.73686218261719,64.9666748046875
2022-10-28,61.64227294921875,62.89453125
2022-10-31,61.342796325683594,62.73665237426758
2022-11-01,65.98468017578125,64.98641204833984
2022-11-02,67.28241729736328,63.841793060302734
2022-11-03,62.89009094238281,64.34503173828125
2022-11-04,69.7780532836914,68.8840103149414
2022-11-07,69.57839965820312,68.78533935546875
2022-11-08,66.98294067382812,67.2262954711914
2022-11-09,65.88485717773438,63.97993469238281
2022-11-10,62.89009094238281,68.84454345703125
2022-11-11,70.6764907836914,69.8312759399414
2022-11-14,70.9260482788086,70.38385772705078
2022-11-15,78.7623519897461,78.24813842773438
2022-11-16,78.66252899169922,77.12326049804688
2022-11-17,78.11348724365234,83.14234924316406
2022-11-18,79.81051635742188,79.41249084472656
2022-11-21,76.01715087890625,75.90957641601562
2022-11-22,72.97247314453125,74.98204040527344
2022-11-23,75.26846313476562,77.45874786376953
2022-11-24,76.26671600341797,
2022-11-25,74.61959075927734,74.49854278564453
2022-11-28,72.07403564453125,74.87349700927734
2022-11-29,78.61261749267578,78.80071258544922
2022-11-30,79.76061248779297,86.39856719970703
2022-12-01,82.65555572509766,84.80006408691406
2022-12-02,84.65206146240234,88.86540985107422
2022-12-05,92.48836517333984,89.31930541992188
2022-12-06,89.69325256347656,90.23696899414062
2022-12-07,84.90162658691406,87.15836334228516
2022-12-08,89.24403381347656,92.92089080810547
2022-12-09,91.68975830078125,90.12843322753906
2022-12-12,88.19586944580078,88.22403717041016
2022-12-13,88.19586944580078,90.197509765625
2022-12-14,89.34386444091797,89.70413970947266
2022-12-15,85.7501449584961,85.06648254394531
2022-12-16,86.29917907714844,85.63878631591797
2022-12-19,86.89813995361328,86.0038833618164
2022-12-20,83.90337371826172,84.78032684326172
2022-12-21,84.30266571044922,86.64525604248047
2022-12-22,87.74665069580078,86.80313873291016
2022-12-23,86.3490982055664,84.51390838623047
2022-12-27,,88.6680679321289
2022-12-28,87.5469970703125,86.04334259033203
2022-12-29,85.4007568359375,87.94774627685547
2022-12-30,86.09953308105469,86.92153930664062
2023-01-03,88.49534606933594,90.75994873046875
2023-01-04,96.23182678222656,102.54156494140625
2023-01-05,99.42623901367188,103.19281768798828
2023-01-06,101.4227523803711,105.97541046142578
2023-01-09,110.2073974609375,109.35991668701172
2023-01-10,109.30896759033203,113.35618591308594
2023-01-11,112.70304107666016,113.49433135986328
2023-01-12,110.60670471191406,111.64913940429688
2023-01-13,112.50338745117188,115.45793914794922
2023-01-16,113.20216369628906,
2023-01-17,114.30024719238281,113.66207885742188
2023-01-18,113.90093994140625,111.71820831298828
2023-01-19,112.00425720214844,115.03364562988281
2023-01-20,116.09710693359375,118.27013397216797
2023-01-23,,117.94451141357422
2023-01-24,,117.85570526123047
2023-01-25,,118.65496063232422
2023-01-26,117.29501342773438,118.97071838378906
2023-01-27,117.09536743164062,116.80976104736328
2023-01-30,108.80984497070312,109.7249984741211
2023-01-31,107.41228485107422,108.73826599121094
2023-02-01,109.80809783935547,111.32351684570312
2023-02-02,108.80984497070312,108.28437042236328
2023-02-03,105.91490173339844,104.91960144042969
2023-02-06,103.01995849609375,104.05126953125
2023-02-07,104.61717224121094,104.1006088256836
2023-02-08,103.3194351196289,103.71578216552734
2023-02-09,107.41228485107422,107.02134704589844
2023-02-10,103.91838836669922,102.27515411376953
2023-02-13,103.81856536865234,103.40003204345703
2023-02-14,102.32118225097656,102.83759307861328
2023-02-15,100.7239761352539,101.71271514892578
2023-02-16,101.921875,101.7423095703125
2023-02-17,99.27649688720703,98.68343353271484
2023-02-20,99.22659301757812,
2023-02-21,95.0339126586914,93.83855438232422
2023-02-22,92.787841796875,93.5228042602539
2023-02-23,94.9840087890625,92.9110336303711
2023-02-24,89.89290618896484,87.81947326660156
2023-02-27,89.24403381347656,88.06615447998047
2023-02-28,86.3490982055664,86.62552642822266
2023-03-01,91.73967742919922,88.75686645507812
2023-03-02,87.44717407226562,88.55952453613281
2023-03-03,87.84648132324219,88.51018524169922
2023-03-06,87.09778594970703,88.4312515258789
2023-03-07,88.44542694091797,87.55305480957031
2023-03-08,85.60040283203125,85.79666137695312
2023-03-09,84.35258483886719,82.26415252685547
2023-03-10,81.00843048095703,81.85958862304688
2023-03-13,83.10476684570312,81.80038452148438
2023-03-14,79.86043548583984,82.73778533935547
2023-03-15,81.9068603515625,80.42882537841797
2023-03-16,80.35956573486328,81.12940216064453
2023-03-17,81.35781860351562,80.58670043945312
2023-03-20,79.06182861328125,79.92559051513672
2023-03-21,80.35956573486328,82.58976745605469
2023-03-22,82.70545959472656,82.54043579101562
2023-03-23,86.04961395263672,85.37236785888672
2023-03-24,85.15119171142578,85.74732971191406
2023-03-27,85.10127258300781,84.97767639160156
2023-03-28,84.10301971435547,97.09478759765625
2023-03-29,94.38505554199219,98.59461975097656
2023-03-30,96.73094940185547,102.00872802734375
2023-03-31,100.22484588623047,100.82464599609375
2023-04-03,98.3780746459961,97.08492279052734
2023-04-04,95.4831314086914,99.38401794433594
2023-04-05,,97.2427978515625
2023-04-06,97.5794677734375,101.3772201538086
2023-04-10,,100.1931381225586
2023-04-11,99.12677001953125,98.43675231933594
2023-04-12,95.88243865966797,92.59526824951172
2023-04-13,93.98574829101562,94.89436340332031
2023-04-14,94.33513641357422,93.29586029052734
2023-04-17,95.23356628417969,95.14105224609375
2023-04-18,94.6346206665039,94.22338104248047
2023-04-19,92.08906555175781,92.24991607666016
2023-04-20,91.58993530273438,89.53639221191406
2023-04-21,87.79656219482422,87.94774627685547
2023-04-24,86.74839782714844,85.73745727539062
2023-04-25,83.95327758789062,81.82011413574219
2023-04-26,83.15467834472656,81.72144317626953
2023-04-27,81.65729522705078,83.34956359863281
2023-04-28,81.9068603515625,83.56664276123047
2023-05-01,,83.0436782836914
2023-05-02,82.15642547607422,80.44855499267578
2023-05-03,80.20982360839844,80.39922332763672
2023-05-04,80.55921173095703,81.39582061767578
2023-05-05,81.50756072998047,82.11614227294922
2023-05-08,81.8070297241211,82.20494079589844
2023-05-09,79.31139373779297,81.12940216064453
2023-05-10,80.0600814819336,81.84971618652344
2023-05-11,82.50581359863281,86.72419738769531
2023-05-12,84.50232696533203,84.20801544189453
2023-05-15,85.3009262084961,87.16822052001953
2023-05-16,85.60040283203125,87.58265686035156
2023-05-17,85.3009262084961,89.47718811035156
2023-05-18,87.59691619873047,84.63230895996094
2023-05-19,82.30615997314453,82.8660659790039
2023-05-22,83.45415496826172,84.95793914794922
2023-05-23,82.8552017211914,81.78064727783203
2023-05-24,80.90860748291016,80.13279724121094
2023-05-25,78.5127944946289,77.73503112792969
2023-05-26,,79.89598846435547
2023-05-29,77.66427612304688,
2023-05-30,78.66252899169922,77.6264877319336
2023-05-31,77.76409912109375,78.49481964111328
2023-06-01,77.16514587402344,81.89905548095703
2023-06-02,82.35607147216797,83.15220642089844
2023-06-05,82.60563659667969,83.28048706054688
2023-06-06,82.20633697509766,85.54998016357422
2023-06-07,83.90337371826172,84.14881134033203
2023-06-08,83.20458984375,84.99740600585938
2023-06-09,83.75363159179688,84.36589813232422
2023-06-12,83.85345458984375,84.72112274169922
2023-06-13,85.55048370361328,86.34923553466797
2023-06-14,85.00144958496094,88.17469787597656
2023-06-15,88.84473419189453,90.97702026367188
2023-06-16,91.44019317626953,90.87834930419922
2023-06-19,89.54351043701172,
2023-06-20,88.19586944580078,86.76366424560547
2023-06-21,84.55223083496094,85.61904907226562
2023-06-22,,85.73745727539062
2023-06-23,83.90337371826172,83.79358673095703
2023-06-26,83.10476684570312,84.33629608154297
2023-06-27,85.3009262084961,85.97427368164062
2023-06-28,84.20284271240234,83.46796417236328
2023-06-29,82.05659484863281,82.44176483154297
2023-06-30,81.05833435058594,82.24441528320312
2023-07-03,83.40424346923828,82.95486450195312
2023-07-04,83.85345458984375,
2023-07-05,82.50581359863281,83.18181610107422
2023-07-06,81.35781860351562,82.72791290283203
2023-07-07,84.15293884277344,89.34891510009766
2023-07-10,86.84822082519531,89.35877990722656
2023-07-11,88.59516906738281,90.57246398925781
2023-07-12,89.69325256347656,92.7531509399414
2023-07-13,92.58818817138672,95.32852935791016
2023-07-14,92.787841796875,93.30571746826172
2023-07-17,,92.17098236083984
2023-07-18,89.54351043701172,89.99028778076172
2023-07-19,90.19237518310547,90.86848449707031
2023-07-20,89.34386444091797,90.6810073852539
2023-07-21,91.1407241821289,90.94742584228516
2023-07-24,89.3937759399414,95.07197570800781
2023-07-25,94.9840087890625,93.72015380859375
2023-07-26,93.68627166748047,95.85150146484375
2023-07-27,95.28347778320312,94.1740493774414
2023-07-28,95.73269653320312,99.21627044677734
2023-07-31,97.32990264892578,100.80491638183594
2023-08-01,97.67929077148438,98.7722396850586
2023-08-02,94.9840087890625,93.8089599609375
2023-08-03,92.98749542236328,96.2856674194336
2023-08-04,94.9840087890625,95.61468505859375
2023-08-07,95.43321990966797,95.27919006347656
2023-08-08,92.8876724243164,92.97023010253906
2023-08-09,93.93583679199219,93.59187316894531
2023-08-10,94.13549041748047,97.89404296875
2023-08-11,95.13374328613281,94.4503402709961
2023-08-14,92.63810729980469,92.2203140258789
2023-08-15,91.0408935546875,90.37511444091797
2023-08-16,89.09429931640625,87.93788146972656
2023-08-17,89.94281005859375,89.44758605957031
2023-08-18,86.84822082519531,86.86233520507812
2023-08-21,85.55048370361328,87.39517211914062
2023-08-22,87.1976089477539,86.91167449951172
2023-08-23,87.147705078125,88.64832305908203
2023-08-24,89.3937759399414,87.92801666259766
2023-08-25,87.34735107421875,88.62859344482422
2023-08-28,88.74491119384766,91.01649475097656
2023-08-29,90.74141693115234,92.78275299072266
2023-08-30,90.19237518310547,92.40779113769531
2023-08-31,90.04264068603516,91.66773986816406
2023-09-01,,93.749755859375
2023-09-04,92.98749542236328,
2023-09-05,92.18888854980469,93.39453125
2023-09-06,92.08906555175781,93.19718170166016
2023-09-07,90.64159393310547,88.77660369873047
2023-09-08,,88.85554504394531
2023-09-11,87.89639282226562,87.53331756591797
2023-09-12,86.14944458007812,87.1287612915039
2023-09-13,85.4007568359375,86.47750854492188
2023-09-14,85.7501449584961,86.83273315429688
2023-09-15,86.09953308105469,85.91506958007812
2023-09-18,84.0531005859375,85.86573028564453
2023-09-19,84.65206146240234,85.95454406738281
2023-09-20,84.35258483886719,84.60271453857422
2023-09-21,82.50581359863281,82.99433898925781
2023-09-22,85.7501449584961,87.1287612915039
2023-09-25,84.20284271240234,86.0630874633789
2023-09-26,83.80354309082031,84.77046203613281
2023-09-27,84.35258483886719,85.04674530029297
2023-09-28,82.8552017211914,84.40536499023438
2023-09-29,85.4506607055664,85.58944702148438
2023-10-02,,85.38223266601562
2023-10-03,82.95502471923828,83.41863250732422
2023-10-04,81.60738372802734,82.96473693847656
2023-10-05,81.20807647705078,82.56017303466797
2023-10-06,82.75537872314453,84.91846466064453
2023-10-09,81.95677185058594,83.72451782226562
2023-10-10,83.25450134277344,86.01374053955078
2023-10-11,84.45240783691406,86.61565399169922
2023-10-12,85.70022583007812,83.38903045654297
2023-10-13,82.45589447021484,82.90552520751953
2023-10-16,81.15817260742188,83.19168090820312
2023-10-17,81.85694885253906,82.79698944091797
2023-10-18,81.30789947509766,81.90892791748047
2023-10-19,79.01191711425781,80.52749633789062
2023-10-20,78.36305236816406,78.87964630126953
2023-10-23,,79.44208526611328
2023-10-24,77.06531524658203,81.77078247070312
2023-10-25,79.16165924072266,79.95518493652344
2023-10-26,79.61087036132812,81.41555786132812
2023-10-27,82.2562484741211,81.72144317626953
2023-10-30,81.70720672607422,82.03720092773438
2023-10-31,79.91034698486328,81.44515991210938
2023-11-01,79.46112823486328,81.38595581054688
2023-11-02,80.35956573486328,82.30362701416016
2023-11-03,82.70545959472656,84.17841339111328
2023-11-06,84.70197296142578,84.22775268554688
2023-11-07,83.00494384765625,84.27709197998047
2023-11-08,82.35607147216797,83.67518615722656
2023-11-09,82.00668334960938,81.63264465332031
2023-11-10,79.46112823486328,81.65237426757812
2023-11-13,80.5093002319336,81.16887664794922
2023-11-14,79.06182861328125,82.75752258300781
2023-11-15,83.05484771728516,85.91506958007812
2023-11-16,81.20807647705078,78.06065368652344
2023-11-17,73.12220764160156,76.57068634033203
2023-11-20,74.32011413574219,77.41928100585938
2023-11-21,75.86741638183594,77.89291381835938
2023-11-22,76.71592712402344,77.91264343261719
2023-11-23,77.115234375,
2023-11-24,76.06706237792969,77.4488754272461
2023-11-27,75.96723937988281,76.5016098022461
2023-11-28,74.22029113769531,75.72209167480469
2023-11-29,72.57316589355469,73.67955017089844
2023-11-30,72.62308502197266,73.88676452636719
2023-12-01,71.72464752197266,73.0085678100586
2023-12-04,70.6764907836914,72.0613021850586
2023-12-05,70.37700653076172,71.419921875
2023-12-06,70.02761840820312,70.5417251586914
2023-12-07,69.57839965820312,71.37059020996094
2023-12-08,70.37700653076172,71.18310546875
2023-12-11,68.67997741699219,70.42332458496094
2023-12-12,69.97770690917969,70.44305419921875
2023-12-13,69.2789306640625,70.51213073730469
2023-12-14,68.97944641113281,71.54820251464844
2023-12-15,71.5250015258789,73.52167510986328
2023-12-18,71.97421264648438,72.86055755615234
2023-12-19,71.5250015258789,74.38999938964844
2023-12-20,72.55000305175781,73.3499984741211
2023-12-21,73.3499984741211,76.26000213623047
2023-12-22,71.8499984741211,75.27999877929688
2023-12-26,,75.8499984741211
2023-12-27,73.80000305175781,76.11000061035156
2023-12-28,75.8499984741211,77.23999786376953
2023-12-29,75.5999984741211,77.51000213623047
2024-01-02,74.69999694824219,74.76000213623047
2024-01-03,73.30000305175781,76.58999633789062
2024-01-04,74.05000305175781,74.66000366210938
2024-01-05,71.6500015258789,73.01000213623047
2024-01-08,70.3499984741211,72.87999725341797
2024-01-09,69.75,72.0199966430664
2024-01-10,69.30000305175781,71.41000366210938
2024-01-11,70.8499984741211,72.37999725341797
2024-01-12,70.55000305175781,71.83999633789062
2024-01-15,70.5,
2024-01-16,68.4000015258789,69.45999908447266
2024-01-17,65.6500015258789,68.93000030517578
2024-01-18,66.6500015258789,68.05000305175781
2024-01-19,65.55000305175781,69.41999816894531
2024-01-22,65.44999694824219,68.62999725341797
2024-01-23,67.6500015258789,74.0199966430664
2024-01-24,72.5999984741211,75.19999694824219
2024-01-25,73.3499984741211,73.8499984741211
2024-01-26,70.9000015258789,74.01000213623047
2024-01-29,72.5999984741211,73.58000183105469
2024-01-30,71.1500015258789,72.31999969482422
